gene_name	avg_error_rate_diff	n_calls	abs_error_rate_diff	performance	max_diff
A4GALT	-2.1134901131734864e-4	38	2.1134901131734864e-4	locityper_better	0.1078652548147711
ABCG8	-7.632299450175839e-5	38	7.632299450175839e-5	locityper_better	0.1078652548147711
ABO	1.454436111471631e-5	38	1.454436111471631e-5	cosigt_better	0.1078652548147711
ABR	0	38	0	locityper_better	0.1078652548147711
AFP	-2.2122088322844287e-5	38	2.2122088322844287e-5	locityper_better	0.1078652548147711
AGL	2.7519960904546443e-7	38	2.7519960904546443e-7	cosigt_better	0.1078652548147711
AGRN	-2.630156998962153e-6	37	2.630156998962153e-6	locityper_better	0.1078652548147711
ALOXE3	-1.310028292876665e-5	38	1.310028292876665e-5	locityper_better	0.1078652548147711
ANKRD11	0	38	0	locityper_better	0.1078652548147711
ANO7	-3.397163246109136e-6	38	3.397163246109136e-6	locityper_better	0.1078652548147711
APOBEC1	-1.5206613990534183e-4	38	1.5206613990534183e-4	locityper_better	0.1078652548147711
APOBEC3H	-5.0404079082691114e-5	38	5.0404079082691114e-5	locityper_better	0.1078652548147711
APOC1	1.8330692441678467e-6	38	1.8330692441678467e-6	cosigt_better	0.1078652548147711
ARHGEF10	0	38	0	locityper_better	0.1078652548147711
AXIN1	2.765606560342629e-6	36	2.765606560342629e-6	cosigt_better	0.1078652548147711
B3GAT3	1.252910419580921e-5	38	1.252910419580921e-5	cosigt_better	0.1078652548147711
BAX	-4.729291085063498e-4	38	4.729291085063498e-4	locityper_better	0.1078652548147711
BFSP2	1.625990551607957e-5	38	1.625990551607957e-5	cosigt_better	0.1078652548147711
BLOC1S3	-0.004348433631378388	38	0.004348433631378388	locityper_better	0.1078652548147711
BRAF	-2.6148385576146515e-6	38	2.6148385576146515e-6	locityper_better	0.1078652548147711
BSG	5.39826131472355e-5	38	5.39826131472355e-5	cosigt_better	0.1078652548147711
BTRC	1.0770532168666495e-5	37	1.0770532168666495e-5	cosigt_better	0.1078652548147711
C3	6.247721196564922e-7	38	6.247721196564922e-7	cosigt_better	0.1078652548147711
CALR3	-1.1550292357970962e-4	38	1.1550292357970962e-4	locityper_better	0.1078652548147711
CANT1	2.9928801259834054e-4	38	2.9928801259834054e-4	cosigt_better	0.1078652548147711
CASP10	9.065894609419748e-5	38	9.065894609419748e-5	cosigt_better	0.1078652548147711
CBR3	-3.155011306054598e-4	38	3.155011306054598e-4	locityper_better	0.1078652548147711
CBS	-0.002502269613201224	36	0.002502269613201224	locityper_better	0.1078652548147711
CD247	3.7337644087333605e-7	38	3.7337644087333605e-7	cosigt_better	0.1078652548147711
CD4	-3.50777143004067e-5	38	3.50777143004067e-5	locityper_better	0.1078652548147711
CDH15	-1.687408171021554e-4	38	1.687408171021554e-4	locityper_better	0.1078652548147711
CDH17	8.761187557059937e-6	38	8.761187557059937e-6	cosigt_better	0.1078652548147711
CFH	5.897342568853288e-6	38	5.897342568853288e-6	cosigt_better	0.1078652548147711
CFHR4	-3.128361084420952e-5	38	3.128361084420952e-5	locityper_better	0.1078652548147711
CFHR5	-4.218932231348354e-5	38	4.218932231348354e-5	locityper_better	0.1078652548147711
CHL1	-1.527717000706023e-7	38	1.527717000706023e-7	locityper_better	0.1078652548147711
CHRNA4	-9.254226703942994e-6	38	9.254226703942994e-6	locityper_better	0.1078652548147711
CLCN7	4.424856191377656e-7	38	4.424856191377656e-7	cosigt_better	0.1078652548147711
CNR2	2.5613858449018502e-5	38	2.5613858449018502e-5	cosigt_better	0.1078652548147711
COL18A1	-5.9493078614834066e-8	38	5.9493078614834066e-8	locityper_better	0.1078652548147711
COL6A1	1.8845745535213236e-4	38	1.8845745535213236e-4	cosigt_better	0.1078652548147711
COX14	-3.433591642815972e-4	38	3.433591642815972e-4	locityper_better	0.1078652548147711
COX6B1	-5.604654455005327e-5	38	5.604654455005327e-5	locityper_better	0.1078652548147711
CREB3L3	2.444537922635711e-5	38	2.444537922635711e-5	cosigt_better	0.1078652548147711
CTDP1	-0.0014838622391061182	38	0.0014838622391061182	locityper_better	0.1078652548147711
CYB5R3	-4.508550014552251e-6	38	4.508550014552251e-6	locityper_better	0.1078652548147711
CYP2A13	-8.258220234224377e-4	38	8.258220234224377e-4	locityper_better	0.1078652548147711
CYP2A7	-5.21147438323704e-6	38	5.21147438323704e-6	locityper_better	0.1078652548147711
CYP2B6	-1.4086803328671489e-6	38	1.4086803328671489e-6	locityper_better	0.1078652548147711
CYP2C18	1.2629496607767718e-5	38	1.2629496607767718e-5	cosigt_better	0.1078652548147711
CYP2C19	2.0345523259540575e-5	38	2.0345523259540575e-5	cosigt_better	0.1078652548147711
CYP2C8	-1.6232889189233373e-5	38	1.6232889189233373e-5	locityper_better	0.1078652548147711
CYP2C9	1.062891576728979e-5	38	1.062891576728979e-5	cosigt_better	0.1078652548147711
CYP2D6	-0.012257023887922042	38	0.012257023887922042	locityper_better	0.1078652548147711
CYP2E1	-2.9924313766122653e-4	38	2.9924313766122653e-4	locityper_better	0.1078652548147711
CYP2F1	-5.900801866306475e-6	38	5.900801866306475e-6	locityper_better	0.1078652548147711
CYP2G1P	-4.072612663443825e-6	38	4.072612663443825e-6	locityper_better	0.1078652548147711
CYP2J2	7.665034017814206e-6	38	7.665034017814206e-6	cosigt_better	0.1078652548147711
CYP2R1	-2.1792772365993706e-5	38	2.1792772365993706e-5	locityper_better	0.1078652548147711
CYP2S1	-7.218410656663888e-5	38	7.218410656663888e-5	locityper_better	0.1078652548147711
CYP2U1	-3.923638449201091e-5	38	3.923638449201091e-5	locityper_better	0.1078652548147711
CYP2W1	1.1470940244167265e-4	38	1.1470940244167265e-4	cosigt_better	0.1078652548147711
CYP4F12	-1.4551220726565457e-5	38	1.4551220726565457e-5	locityper_better	0.1078652548147711
CYP4F3	-5.139368190244324e-4	38	5.139368190244324e-4	locityper_better	0.1078652548147711
D2HGDH	5.604588698468049e-4	38	5.604588698468049e-4	cosigt_better	0.1078652548147711
DAZL	-1.4250588383036065e-10	38	1.4250588383036065e-10	locityper_better	0.1078652548147711
DCLRE1C	4.088193089641726e-6	38	4.088193089641726e-6	cosigt_better	0.1078652548147711
DEAF1	-6.911537072294611e-6	38	6.911537072294611e-6	locityper_better	0.1078652548147711
DMPK	-1.92714186487712e-4	38	1.92714186487712e-4	locityper_better	0.1078652548147711
DNMT3L	-0.0024636010013697994	38	0.0024636010013697994	locityper_better	0.1078652548147711
DOK7	-5.6109849223524056e-5	38	5.6109849223524056e-5	locityper_better	0.1078652548147711
DPY19L2	1.8288426041811682e-6	38	1.8288426041811682e-6	cosigt_better	0.1078652548147711
DRD4	-7.83472737010489e-4	38	7.83472737010489e-4	locityper_better	0.1078652548147711
DSPP	-0.0026114038032492297	38	0.0026114038032492297	locityper_better	0.1078652548147711
ECHS1	8.969630467548188e-8	38	8.969630467548188e-8	cosigt_better	0.1078652548147711
EEF1A2	-5.050836709175676e-4	38	5.050836709175676e-4	locityper_better	0.1078652548147711
EIF2B5	1.4779163596464575e-5	37	1.4779163596464575e-5	cosigt_better	0.1078652548147711
ENO3	-1.3113754535148703e-4	38	1.3113754535148703e-4	locityper_better	0.1078652548147711
ESPN	-2.3903705095724237e-5	38	2.3903705095724237e-5	locityper_better	0.1078652548147711
ESRRA	-0.001991565272680083	38	0.001991565272680083	locityper_better	0.1078652548147711
ETFB	-2.2257567529897373e-4	38	2.2257567529897373e-4	locityper_better	0.1078652548147711
ETHE1	-0.009823420449201354	38	0.009823420449201354	locityper_better	0.1078652548147711
EXTL2	-4.0055595796947946e-5	38	4.0055595796947946e-5	locityper_better	0.1078652548147711
F7	-0.003858619968222637	38	0.003858619968222637	locityper_better	0.1078652548147711
FAT1	1.8741028087074608e-7	38	1.8741028087074608e-7	cosigt_better	0.1078652548147711
FCGR2B	0.1078652548147711	38	0.1078652548147711	cosigt_better	0.1078652548147711
FCGR3A	0.014825782959929904	38	0.014825782959929904	cosigt_better	0.1078652548147711
FGF3	3.0351343398168985e-5	38	3.0351343398168985e-5	cosigt_better	0.1078652548147711
FGFRL1	4.382779693132278e-5	38	4.382779693132278e-5	cosigt_better	0.1078652548147711
FKBP8	-1.2356927861238392e-4	38	1.2356927861238392e-4	locityper_better	0.1078652548147711
FLAD1	-2.807575517830617e-4	38	2.807575517830617e-4	locityper_better	0.1078652548147711
FLG	0.005585687188127714	38	0.005585687188127714	cosigt_better	0.1078652548147711
FLT4	-1.4261632456859152e-4	38	1.4261632456859152e-4	locityper_better	0.1078652548147711
FOXN1	-2.7366246109503692e-5	38	2.7366246109503692e-5	locityper_better	0.1078652548147711
FSCN2	-6.003463214090696e-4	38	6.003463214090696e-4	locityper_better	0.1078652548147711
FUT1	-0.0011166887053638635	38	0.0011166887053638635	locityper_better	0.1078652548147711
FXN	-3.3804011502697317e-6	38	3.3804011502697317e-6	locityper_better	0.1078652548147711
G6PC3	-6.996207384223278e-5	38	6.996207384223278e-5	locityper_better	0.1078652548147711
GAK	5.833309065132475e-5	38	5.833309065132475e-5	cosigt_better	0.1078652548147711
GALR1	-0.0017623940721366467	38	0.0017623940721366467	locityper_better	0.1078652548147711
GALT	-3.9082216499868294e-4	38	3.9082216499868294e-4	locityper_better	0.1078652548147711
GCSH	-8.867775067645938e-6	38	8.867775067645938e-6	locityper_better	0.1078652548147711
GDF3	-0.0016923137362697775	38	0.0016923137362697775	locityper_better	0.1078652548147711
GIP	-2.5205102444122145e-5	38	2.5205102444122145e-5	locityper_better	0.1078652548147711
GOLGA3	-9.445441497630809e-5	38	9.445441497630809e-5	locityper_better	0.1078652548147711
GP1BA	0.0015668525740199443	38	0.0015668525740199443	cosigt_better	0.1078652548147711
GP6	-4.384113569387371e-5	38	4.384113569387371e-5	locityper_better	0.1078652548147711
GPI	1.3271909924356019e-5	38	1.3271909924356019e-5	cosigt_better	0.1078652548147711
GPIHBP1	-0.017389290645731584	37	0.017389290645731584	locityper_better	0.1078652548147711
GRIN1	5.301955691643168e-4	38	5.301955691643168e-4	cosigt_better	0.1078652548147711
GUSB	-8.5522660397715e-6	38	8.5522660397715e-6	locityper_better	0.1078652548147711
H19	1.929981665019831e-4	38	1.929981665019831e-4	cosigt_better	0.1078652548147711
HBG1	-0.0037669763725194125	38	0.0037669763725194125	locityper_better	0.1078652548147711
HBM	-0.0036072434339279517	37	0.0036072434339279517	locityper_better	0.1078652548147711
HCN2	0	38	0	locityper_better	0.1078652548147711
HCN3	1.0096624889138377e-5	38	1.0096624889138377e-5	cosigt_better	0.1078652548147711
HLA-A	-2.231990519991701e-6	38	2.231990519991701e-6	locityper_better	0.1078652548147711
HLA-B	-5.855758064342736e-7	38	5.855758064342736e-7	locityper_better	0.1078652548147711
HLA-C	1.6812728119136524e-6	38	1.6812728119136524e-6	cosigt_better	0.1078652548147711
HLA-DMA	-1.5725895316374033e-6	38	1.5725895316374033e-6	locityper_better	0.1078652548147711
HLA-DMB	-2.0043176730928426e-5	38	2.0043176730928426e-5	locityper_better	0.1078652548147711
HLA-DOA	-7.063260297272174e-6	38	7.063260297272174e-6	locityper_better	0.1078652548147711
HLA-DPA1	-1.8738976344549285e-5	38	1.8738976344549285e-5	locityper_better	0.1078652548147711
HLA-DPB2	1.2822396398499108e-5	38	1.2822396398499108e-5	cosigt_better	0.1078652548147711
HLA-DQA1	-5.29928784552911e-6	38	5.29928784552911e-6	locityper_better	0.1078652548147711
HLA-DQA2	-3.90246507880194e-5	38	3.90246507880194e-5	locityper_better	0.1078652548147711
HLA-DQB1	-9.467170316728488e-6	23	9.467170316728488e-6	locityper_better	0.1078652548147711
HLA-DQB2	4.419073718882746e-6	38	4.419073718882746e-6	cosigt_better	0.1078652548147711
HLA-DRA	-3.111965183319405e-4	38	3.111965183319405e-4	locityper_better	0.1078652548147711
HLA-DRB5	-6.384623549957082e-6	38	6.384623549957082e-6	locityper_better	0.1078652548147711
HLA-E	-4.865180506896169e-5	38	4.865180506896169e-5	locityper_better	0.1078652548147711
HLA-F	-1.5130111651138946e-4	38	1.5130111651138946e-4	locityper_better	0.1078652548147711
HLA-G	-3.980873500942335e-6	38	3.980873500942335e-6	locityper_better	0.1078652548147711
HLA-J	-3.294600723303574e-6	38	3.294600723303574e-6	locityper_better	0.1078652548147711
HLA-L	9.685758133410635e-7	38	9.685758133410635e-7	cosigt_better	0.1078652548147711
HLA-N	-3.7293384736416306e-6	38	3.7293384736416306e-6	locityper_better	0.1078652548147711
HLA-S	-4.071329760739444e-5	38	4.071329760739444e-5	locityper_better	0.1078652548147711
HMGCL	-4.288882596317215e-5	38	4.288882596317215e-5	locityper_better	0.1078652548147711
HMX1	7.592046285002999e-6	38	7.592046285002999e-6	cosigt_better	0.1078652548147711
HNF1A	-5.01885833745108e-4	38	5.01885833745108e-4	locityper_better	0.1078652548147711
HOXB8	-9.186550892835202e-5	38	9.186550892835202e-5	locityper_better	0.1078652548147711
HPD	-1.5576289067329177e-5	37	1.5576289067329177e-5	locityper_better	0.1078652548147711
HSD11B2	-1.2105538818742825e-4	38	1.2105538818742825e-4	locityper_better	0.1078652548147711
HYAL1	-0.006655864764890857	38	0.006655864764890857	locityper_better	0.1078652548147711
HYDIN	5.949879137729129e-6	37	5.949879137729129e-6	cosigt_better	0.1078652548147711
IFITM3	-0.010811903869938373	38	0.010811903869938373	locityper_better	0.1078652548147711
IFNL3	-1.6803851536571963e-5	38	1.6803851536571963e-5	locityper_better	0.1078652548147711
IKBKB	2.1708288643268375e-5	38	2.1708288643268375e-5	cosigt_better	0.1078652548147711
IMPA1	1.2970668113808318e-5	38	1.2970668113808318e-5	cosigt_better	0.1078652548147711
INPP5E	5.171844783412082e-4	38	5.171844783412082e-4	cosigt_better	0.1078652548147711
INSL3	-3.854090717649647e-5	38	3.854090717649647e-5	locityper_better	0.1078652548147711
JAG2	-0.01304372255823801	37	0.01304372255823801	locityper_better	0.1078652548147711
KCNE1	4.5270221340522484e-4	38	4.5270221340522484e-4	cosigt_better	0.1078652548147711
KCNK1	0	38	0	locityper_better	0.1078652548147711
KCNK10	-1.544430457303879e-11	38	1.544430457303879e-11	locityper_better	0.1078652548147711
KCNK12	4.47852545266907e-6	38	4.47852545266907e-6	cosigt_better	0.1078652548147711
KCNK13	-1.2232834396210015e-12	38	1.2232834396210015e-12	locityper_better	0.1078652548147711
KCNK15	-1.867233464976951e-5	38	1.867233464976951e-5	locityper_better	0.1078652548147711
KCNK17	-2.5804782876136184e-5	38	2.5804782876136184e-5	locityper_better	0.1078652548147711
KCNK18	1.2324724585108808e-5	38	1.2324724585108808e-5	cosigt_better	0.1078652548147711
KCNK2	3.3572854456071224e-6	37	3.3572854456071224e-6	cosigt_better	0.1078652548147711
KCNK3	-1.3533219652230197e-5	38	1.3533219652230197e-5	locityper_better	0.1078652548147711
KCNK4	-4.405743895778582e-5	38	4.405743895778582e-5	locityper_better	0.1078652548147711
KCNK5	-3.25504447221145e-7	38	3.25504447221145e-7	locityper_better	0.1078652548147711
KCNK6	-8.123058878866902e-5	38	8.123058878866902e-5	locityper_better	0.1078652548147711
KCNK7	-4.8532511706899816e-5	38	4.8532511706899816e-5	locityper_better	0.1078652548147711
KCNK9	1.1329125847357315e-5	38	1.1329125847357315e-5	cosigt_better	0.1078652548147711
KCNV2	1.023822774617012e-5	38	1.023822774617012e-5	cosigt_better	0.1078652548147711
KDM2B	1.5517706471431812e-6	38	1.5517706471431812e-6	cosigt_better	0.1078652548147711
KIR3DL2	7.481542498434793e-7	38	7.481542498434793e-7	cosigt_better	0.1078652548147711
KISS1	4.703303516832107e-4	38	4.703303516832107e-4	cosigt_better	0.1078652548147711
KISS1R	-1.4531211587404626e-4	36	1.4531211587404626e-4	locityper_better	0.1078652548147711
KLF11	-1.366244950748356e-4	38	1.366244950748356e-4	locityper_better	0.1078652548147711
KLF14	-1.644333561789434e-5	38	1.644333561789434e-5	locityper_better	0.1078652548147711
KLK4	7.068677227986645e-5	38	7.068677227986645e-5	cosigt_better	0.1078652548147711
KMT2C	-9.627715912396371e-6	38	9.627715912396371e-6	locityper_better	0.1078652548147711
KNG1	1.6515329582572836e-5	38	1.6515329582572836e-5	cosigt_better	0.1078652548147711
KRTAP1-1	-1.848600407217059e-4	37	1.848600407217059e-4	locityper_better	0.1078652548147711
LAMB1	7.462334038052991e-7	38	7.462334038052991e-7	cosigt_better	0.1078652548147711
LBR	3.3591517392340737e-6	38	3.3591517392340737e-6	cosigt_better	0.1078652548147711
LIPN	-1.6981175451062178e-4	38	1.6981175451062178e-4	locityper_better	0.1078652548147711
LIX1	6.335689987691829e-6	38	6.335689987691829e-6	cosigt_better	0.1078652548147711
LMF1	-3.8183813306310506e-5	37	3.8183813306310506e-5	locityper_better	0.1078652548147711
LMNB2	-0.0017161445667850702	37	0.0017161445667850702	locityper_better	0.1078652548147711
LRIG2	-2.8921473991102928e-5	38	2.8921473991102928e-5	locityper_better	0.1078652548147711
LZTFL1	1.7123823514586953e-4	38	1.7123823514586953e-4	cosigt_better	0.1078652548147711
MAFA	2.1608551286332018e-5	38	2.1608551286332018e-5	cosigt_better	0.1078652548147711
MAN1B1	-9.877688077109365e-7	38	9.877688077109365e-7	locityper_better	0.1078652548147711
MARVELD2	-1.0533166682508676e-4	38	1.0533166682508676e-4	locityper_better	0.1078652548147711
MASP2	-2.0437398851807313e-4	38	2.0437398851807313e-4	locityper_better	0.1078652548147711
MBOAT7	-1.1807893432032716e-4	38	1.1807893432032716e-4	locityper_better	0.1078652548147711
MC1R	-2.7734763885020136e-4	37	2.7734763885020136e-4	locityper_better	0.1078652548147711
MDK	1.841602768482102e-5	38	1.841602768482102e-5	cosigt_better	0.1078652548147711
MICB	1.3943467517465146e-5	38	1.3943467517465146e-5	cosigt_better	0.1078652548147711
MLC1	-2.3121328017191602e-4	38	2.3121328017191602e-4	locityper_better	0.1078652548147711
MLPH	-2.337952769880668e-4	38	2.337952769880668e-4	locityper_better	0.1078652548147711
MOGS	-7.082550006323454e-4	38	7.082550006323454e-4	locityper_better	0.1078652548147711
MPG	-0.013134066391721735	37	0.013134066391721735	locityper_better	0.1078652548147711
MST1R	-3.236561355381429e-5	38	3.236561355381429e-5	locityper_better	0.1078652548147711
MUC1	-0.005479742530937515	37	0.005479742530937515	locityper_better	0.1078652548147711
MUC12	0.00722723161206064	36	0.00722723161206064	cosigt_better	0.1078652548147711
MUC13	-4.2463317264004344e-5	38	4.2463317264004344e-5	locityper_better	0.1078652548147711
MUC15	-2.501593908427885e-4	38	2.501593908427885e-4	locityper_better	0.1078652548147711
MUC16	-2.799859471820725e-6	37	2.799859471820725e-6	locityper_better	0.1078652548147711
MUC19	3.435975687926351e-4	38	3.435975687926351e-4	cosigt_better	0.1078652548147711
MUC2	-0.0030274684831630605	37	0.0030274684831630605	locityper_better	0.1078652548147711
MUC20	0.05683965952073926	26	0.05683965952073926	cosigt_better	0.1078652548147711
MUC21	-1.4488411304471223e-4	38	1.4488411304471223e-4	locityper_better	0.1078652548147711
MUC22	1.310817297463726e-6	38	1.310817297463726e-6	cosigt_better	0.1078652548147711
MUC4	-0.0036498729667227953	38	0.0036498729667227953	locityper_better	0.1078652548147711
MUC5AC	-4.802684311055926e-5	38	4.802684311055926e-5	locityper_better	0.1078652548147711
MUC5B	-0.0010562737177828732	38	0.0010562737177828732	locityper_better	0.1078652548147711
MUC6	-0.0023002732732354926	38	0.0023002732732354926	locityper_better	0.1078652548147711
MUC7	8.740157884227587e-10	38	8.740157884227587e-10	cosigt_better	0.1078652548147711
MUSK	-2.246826979963388e-4	38	2.246826979963388e-4	locityper_better	0.1078652548147711
MYO9B	2.8386009260761296e-7	38	2.8386009260761296e-7	cosigt_better	0.1078652548147711
MYOT	-3.481918072579675e-5	38	3.481918072579675e-5	locityper_better	0.1078652548147711
MYT1	-1.8324831972636474e-5	38	1.8324831972636474e-5	locityper_better	0.1078652548147711
NACA	1.2473230643289358e-4	38	1.2473230643289358e-4	cosigt_better	0.1078652548147711
NDUFA6	-3.0094057587561203e-6	38	3.0094057587561203e-6	locityper_better	0.1078652548147711
NDUFAF1	3.997334295675899e-4	38	3.997334295675899e-4	cosigt_better	0.1078652548147711
NDUFB1	-1.9148779503557e-5	38	1.9148779503557e-5	locityper_better	0.1078652548147711
NDUFV3	1.0764762346362115e-4	38	1.0764762346362115e-4	cosigt_better	0.1078652548147711
NLRP12	-6.048423439427442e-6	38	6.048423439427442e-6	locityper_better	0.1078652548147711
NLRP2	0	38	0	locityper_better	0.1078652548147711
NOD1	-0.007383317705250897	38	0.007383317705250897	locityper_better	0.1078652548147711
NPM1	-7.737200139926339e-6	38	7.737200139926339e-6	locityper_better	0.1078652548147711
NPPA	-6.0556047504015025e-5	38	6.0556047504015025e-5	locityper_better	0.1078652548147711
OPRL1	-0.009393762818033127	38	0.009393762818033127	locityper_better	0.1078652548147711
ORC6	-5.982366964105173e-4	38	5.982366964105173e-4	locityper_better	0.1078652548147711
P2RX2	-4.5220219470320117e-4	38	4.5220219470320117e-4	locityper_better	0.1078652548147711
P2RX5	-0.003169384469200111	37	0.003169384469200111	locityper_better	0.1078652548147711
PAPSS2	-1.1684865414683614e-5	38	1.1684865414683614e-5	locityper_better	0.1078652548147711
PCBP1	-1.7018158796062896e-4	38	1.7018158796062896e-4	locityper_better	0.1078652548147711
PCCB	2.65124275874268e-5	38	2.65124275874268e-5	cosigt_better	0.1078652548147711
PCDHA10	4.490337647280053e-6	38	4.490337647280053e-6	cosigt_better	0.1078652548147711
PCMT1	3.2524419637285365e-5	38	3.2524419637285365e-5	cosigt_better	0.1078652548147711
PDE6B	-1.8849315185012094e-4	38	1.8849315185012094e-4	locityper_better	0.1078652548147711
PDLIM3	-1.1685697489819703e-5	38	1.1685697489819703e-5	locityper_better	0.1078652548147711
PDPK1	-2.047419288469821e-6	38	2.047419288469821e-6	locityper_better	0.1078652548147711
PDSS1	-4.810656411669504e-6	38	4.810656411669504e-6	locityper_better	0.1078652548147711
PEX5	-4.05344929638139e-4	38	4.05344929638139e-4	locityper_better	0.1078652548147711
PGAM5	-0.0016274542018521842	38	0.0016274542018521842	locityper_better	0.1078652548147711
PHKG2	-0.008693820500551284	38	0.008693820500551284	locityper_better	0.1078652548147711
PIGV	-2.561033750680741e-5	38	2.561033750680741e-5	locityper_better	0.1078652548147711
PKD1	3.776337297519538e-5	35	3.776337297519538e-5	cosigt_better	0.1078652548147711
PKN3	5.3563910611373194e-5	38	5.3563910611373194e-5	cosigt_better	0.1078652548147711
PLTP	4.3602825853458885e-4	38	4.3602825853458885e-4	cosigt_better	0.1078652548147711
PNKP	-1.5622510463623256e-5	38	1.5622510463623256e-5	locityper_better	0.1078652548147711
PPIA	-5.988506327812224e-6	38	5.988506327812224e-6	locityper_better	0.1078652548147711
PPIP5K1	0.023879909074357063	38	0.023879909074357063	cosigt_better	0.1078652548147711
PRG4	-1.2501699357207705e-4	38	1.2501699357207705e-4	locityper_better	0.1078652548147711
PRKCG	-1.3495790880385596e-4	38	1.3495790880385596e-4	locityper_better	0.1078652548147711
PROZ	0.003219527381268019	38	0.003219527381268019	cosigt_better	0.1078652548147711
PSPH	-1.9435617133943028e-5	38	1.9435617133943028e-5	locityper_better	0.1078652548147711
PTEN	-4.224383829229829e-7	38	4.224383829229829e-7	locityper_better	0.1078652548147711
PTK6	-4.4230629541947274e-4	38	4.4230629541947274e-4	locityper_better	0.1078652548147711
PTPRC	-3.923300351826834e-6	38	3.923300351826834e-6	locityper_better	0.1078652548147711
PXDN	4.7084251895217396e-6	38	4.7084251895217396e-6	cosigt_better	0.1078652548147711
RFX2	4.658850810842548e-6	37	4.658850810842548e-6	cosigt_better	0.1078652548147711
RGPD3	-1.744727204184665e-4	38	1.744727204184665e-4	locityper_better	0.1078652548147711
RHCE	9.349831287538256e-7	38	9.349831287538256e-7	cosigt_better	0.1078652548147711
RHOA	-3.999061544335234e-5	38	3.999061544335234e-5	locityper_better	0.1078652548147711
RNF212	-2.0450865407743116e-5	38	2.0450865407743116e-5	locityper_better	0.1078652548147711
RNF213	1.0485447508199018e-5	38	1.0485447508199018e-5	cosigt_better	0.1078652548147711
RPIA	-1.2048173887721392e-6	38	1.2048173887721392e-6	locityper_better	0.1078652548147711
RPL22	-5.312818400680234e-7	38	5.312818400680234e-7	locityper_better	0.1078652548147711
RPN1	-0.005436822639137545	38	0.005436822639137545	locityper_better	0.1078652548147711
SAR1B	1.0216479782698596e-4	38	1.0216479782698596e-4	cosigt_better	0.1078652548147711
SBK3	-2.3986979072871422e-5	38	2.3986979072871422e-5	locityper_better	0.1078652548147711
SEC63	-1.8805740354278084e-6	38	1.8805740354278084e-6	locityper_better	0.1078652548147711
SEMG1	-2.883563999777706e-4	38	2.883563999777706e-4	locityper_better	0.1078652548147711
SERPINF2	-6.8801763469768104e-06	38	6.8801763469768104e-06	locityper_better	0.1078652548147711
SH2B1	-8.159275776935796e-4	38	8.159275776935796e-4	locityper_better	0.1078652548147711
SIGLEC16	-7.414853845443365e-6	38	7.414853845443365e-6	locityper_better	0.1078652548147711
SLC17A5	-4.834872925227387e-5	38	4.834872925227387e-5	locityper_better	0.1078652548147711
SLC22A1	-4.822128988668289e-4	38	4.822128988668289e-4	locityper_better	0.1078652548147711
SLC22A12	-2.3618560412664338e-4	38	2.3618560412664338e-4	locityper_better	0.1078652548147711
SLC27A4	9.249211484589188e-7	38	9.249211484589188e-7	cosigt_better	0.1078652548147711
SLC27A5	-8.02672804963726e-5	37	8.02672804963726e-5	locityper_better	0.1078652548147711
SLC29A4	9.733905610516851e-7	38	9.733905610516851e-7	cosigt_better	0.1078652548147711
SLC6A18	-2.580954040198879e-4	38	2.580954040198879e-4	locityper_better	0.1078652548147711
SLC6A3	8.039030946962706e-5	38	8.039030946962706e-5	cosigt_better	0.1078652548147711
SMG1	-6.403773743108802e-4	37	6.403773743108802e-4	locityper_better	0.1078652548147711
SMOC2	9.254685300214113e-5	38	9.254685300214113e-5	cosigt_better	0.1078652548147711
SNTG2	9.593154754741364e-4	37	9.593154754741364e-4	cosigt_better	0.1078652548147711
SOHLH1	-2.6635334006081268e-5	38	2.6635334006081268e-5	locityper_better	0.1078652548147711
SPI1	-0.0021407121043726194	38	0.0021407121043726194	locityper_better	0.1078652548147711
SPRN	-5.067409206279627e-4	38	5.067409206279627e-4	locityper_better	0.1078652548147711
SRR	-1.6941014380026054e-4	38	1.6941014380026054e-4	locityper_better	0.1078652548147711
SSTR5	-3.850593242916779e-5	38	3.850593242916779e-5	locityper_better	0.1078652548147711
STK11	9.754274360142144e-6	38	9.754274360142144e-6	cosigt_better	0.1078652548147711
STXBP2	-4.648007003456644e-5	38	4.648007003456644e-5	locityper_better	0.1078652548147711
SUZ12	5.3547290854251715e-5	38	5.3547290854251715e-5	cosigt_better	0.1078652548147711
TAP1	-4.4656326384602614e-5	38	4.4656326384602614e-5	locityper_better	0.1078652548147711
TAP2	-2.008661307510802e-6	38	2.008661307510802e-6	locityper_better	0.1078652548147711
TBXA2R	-2.763765957422576e-4	37	2.763765957422576e-4	locityper_better	0.1078652548147711
TCF3	-0.0020792811265739272	38	0.0020792811265739272	locityper_better	0.1078652548147711
TERT	-9.350002647851604e-4	38	9.350002647851604e-4	locityper_better	0.1078652548147711
THBS2	-3.443490825714378e-4	38	3.443490825714378e-4	locityper_better	0.1078652548147711
TJP2	1.45296060729139e-6	37	1.45296060729139e-6	cosigt_better	0.1078652548147711
TM4SF19	-2.344601284776664e-4	37	2.344601284776664e-4	locityper_better	0.1078652548147711
TMC6	-2.8451879655528434e-4	38	2.8451879655528434e-4	locityper_better	0.1078652548147711
TNNI3	-8.689708961811655e-4	38	8.689708961811655e-4	locityper_better	0.1078652548147711
TNNT1	-0.0010744302643381626	38	0.0010744302643381626	locityper_better	0.1078652548147711
TPCN2	1.1965354152681532e-5	38	1.1965354152681532e-5	cosigt_better	0.1078652548147711
TPO	-8.772323521479986e-4	38	8.772323521479986e-4	locityper_better	0.1078652548147711
TRAPPC10	-0.0012318985577379777	38	0.0012318985577379777	locityper_better	0.1078652548147711
TRBV9	-7.899133489357226e-6	38	7.899133489357226e-6	locityper_better	0.1078652548147711
TRMT1	-1.6753704374416147e-4	38	1.6753704374416147e-4	locityper_better	0.1078652548147711
TRPM4	-7.070162141524364e-4	38	7.070162141524364e-4	locityper_better	0.1078652548147711
TTC37	1.4891698805395353e-5	38	1.4891698805395353e-5	cosigt_better	0.1078652548147711
TTLL1	5.156772280952919e-6	38	5.156772280952919e-6	cosigt_better	0.1078652548147711
TUBGCP6	-7.592186738335729e-5	38	7.592186738335729e-5	locityper_better	0.1078652548147711
TYK2	-0.0011143140270354526	38	0.0011143140270354526	locityper_better	0.1078652548147711
TYMS	-7.931919379293018e-4	38	7.931919379293018e-4	locityper_better	0.1078652548147711
UGT2A1	8.122832465781765e-7	38	8.122832465781765e-7	cosigt_better	0.1078652548147711
UNKL	-2.489879415754007e-4	37	2.489879415754007e-4	locityper_better	0.1078652548147711
USP8	3.3239760649063204e-6	38	3.3239760649063204e-6	cosigt_better	0.1078652548147711
UVSSA	-2.9058199769899423e-5	38	2.9058199769899423e-5	locityper_better	0.1078652548147711
VANGL1	-1.65954151437655e-6	38	1.65954151437655e-6	locityper_better	0.1078652548147711
VKORC1	-0.0012380076448558295	38	0.0012380076448558295	locityper_better	0.1078652548147711
ZAN	-3.0976663712292906e-5	38	3.0976663712292906e-5	locityper_better	0.1078652548147711
ZNF141	3.8348183595440804e-5	38	3.8348183595440804e-5	cosigt_better	0.1078652548147711
ZNF419	-1.8214820639817892e-5	38	1.8214820639817892e-5	locityper_better	0.1078652548147711
ZNF469	2.2311927405888004e-6	38	2.2311927405888004e-6	cosigt_better	0.1078652548147711
